{"cameraMode":{"drawMode":0,"name":"Shaded","section":"Shading Mode"},"sceneLighting":true,"audioPlay":false,"sceneViewState":{"m_AlwaysRefresh":false,"showFog":true,"showSkybox":true,"showFlares":true,"showImageEffects":true,"showParticleSystems":true,"showVisualEffectGraphs":true,"m_FxEnabled":true},"in2DMode":false,"pivot":{"x":4.321457862854004,"y":-2.0467376708984377,"z":30.36507225036621},"rotation":{"x":-0.0842093676328659,"y":-0.0038892056327313186,"z":0.00032943161204457283,"w":-0.9964377880096436},"size":28.46198272705078,"orthographic":false}